tokenId,name,image_url,json_url,size,creator,maxClaimed,price
1,Twitter Tree,https://www.arweave.net/6j2kj5uGbtOQFQY0JHpQSS8vfGqzt6JwlVPUNNRkqGI?ext=png,https://www.arweave.net/Mq0HORYrbkGcuAjarhUQWE6y1K0qviIWDw5xoTuDwr0,"[1,1,2]",ta2nb,999999999,0
2,Discord Monument,https://www.arweave.net/ekt7B3Q3aRR8K2bNB9njIU0xVcUuvgQdXpis_TMbKGk?ext=png,https://www.arweave.net/9a71-M8-jyPvTGnEBjFrt9dclx4MEeN1aZ-WvqSwUFg,"[1,1,1]",ta2nb,999999999,0
3,Github Display,https://www.arweave.net/hm-CD9NPqssVVc-1k23Jm2MUkvFrS6JR-zes6y5j8Ao?ext=png,https://www.arweave.net/ql754o9JzLPyCFXchHk3je6e8c5Jc0wapKfuQkRKqzo,"[1,1,2]",eBoy,999999999,0
4,People A,https://www.arweave.net/Q1rNoiemgXa9NXzfRIuxx7OFfrtnaHeVSh3cTXU63Cw?ext=png,https://www.arweave.net/WhqNWVXhQJG3KmQdfp2irs2LcBi6OB1a4UsB1J5-vwQ,"[2,2,1]",eBoy,999999999,0
5,Puddle,https://www.arweave.net/gGz8B3l-bC3kfFanOcZf5hVTHJZxP14M6vmRwd7keE8?ext=png,https://www.arweave.net/IBdHzFCIfWmnGmbSCAc24XgUvMc_RoTDy7ZN33uTJkY,"[2,2,1]",ta2nb,999999999,0
6,Container Set 1,https://www.arweave.net/BOmXhleMEaabBvsGO7s7yIggtCz8u08MMfhrOKYe0o4?ext=png,https://www.arweave.net/1v4DQIVBIwFMVaeGDyl25PQglMgIg1piHVLyVbjn_qk,"[1,1,2]",eBoy,999999999,0
7,Container Set 2,https://www.arweave.net/ndqCfDqawxw5dThq0OtqraNcBBQpetq0-_Eez1xSeRU?ext=png,https://www.arweave.net/ItsgCplGM4pnW_VUflv0rj1Lg-3q7xTSsHcMnpZD8eI,"[1,1,2]",eBoy,999999999,0
8,Container Set 3,https://www.arweave.net/mDLidTLXIt9d2u_JQLXKglovAIhgpuMN3Ir_rPLIZ8k?ext=png,https://www.arweave.net/JXUKfHjfdaucuJ9vLbiH7Js8kQz-mnl26xi6hEnL1_8,"[1,1,2]",eBoy,999999999,0
9,House A,https://www.arweave.net/2ZmuxpL3G5T7u3YOoAt-TkBcsW0XycHJ0IQy9Bhg5jg?ext=png,https://www.arweave.net/jV3GJ1HHkc4oSTy1aGZC_rEeR5FHTBlVrZ1ittU9L-E,"[2,3,3]",eBoy,999999999,0
12,Red Tile,https://www.arweave.net/KQPXsVIHdGwaRCGE5sMIfB1tZWiyb1gAgmipdmzCSOk?ext=png,https://www.arweave.net/b_ZATV1A3gXWpGWPho0NBvyanFHINXP_lRmNLeq1fBU,"[1,1,1]",ta2nb,999999999,0
13,Blue Tile,https://www.arweave.net/zbsLX7r2abibTNAPBQCtX-01zxUV81ourmOWpRrChOs?ext=png,https://www.arweave.net/kd2jJWv7HC0sVnnQlNyUEcvPQnJ4R1_EXYOOaiYoItU,"[1,1,1]",ta2nb,999999999,0
14,Yellow Tile,https://www.arweave.net/ro3oR-k1ECiaxz9Iaepm200S8UHTnt1qgD2MCLBEdDo?ext=png,https://www.arweave.net/lZ12A_s6Z2LXWJRM3piNx6UUnM60uxSXsYeJO6m2pwc,"[1,1,1]",ta2nb,999999999,0
15,Green Tile,https://www.arweave.net/kgszq3r5AfnGpDdmci8IwHEX9VIcKWPYS3ZydzbkNdk?ext=png,https://www.arweave.net/-V7ZCihxKrnvwcyIHgzOGnu3LkuW2xGk0mLk4vo7Qbw,"[1,1,1]",ta2nb,999999999,0
16,Black Tile,https://www.arweave.net/LgsS9KyymsswLYE9ffe1Tbpm91edLlcDQQCKt-yjIi4?ext=png,https://www.arweave.net/u2RYO-LUj2FtSB_plFOlo73N2KUfWVa2uv7XB1Y9Uvc,"[1,1,1]",ta2nb,999999999,0
17,White Tile,https://www.arweave.net/9cQ8Jeds7laTK6oujSYSfD_SY5QSVgHvxbg6DV-CbEo?ext=png,https://www.arweave.net/a4-7Eu4oDV6Cct5Ju2mWlLkPeDhetZG0ItjByZoWbtA,"[1,1,1]",ta2nb,999999999,0
18,Street Straight X,https://www.arweave.net/Tzbc78qsbMUhP7OscicBPLBtVd1Meaeh4bs6D4VDfQU?ext=png,https://www.arweave.net/6guXNYHqoTEAEqHTYWJawRfHA-n80wJsBzfViGshiUw,"[1,1,1]",eBoy,999999999,0
19,Street Straight Y,https://www.arweave.net/MCx4QBo8rDvt7BOjFUSdgaSr9kDnV3oP2mUB-q1w8VA?ext=png,https://www.arweave.net/CjcblCSOLrEdyTm03c58IV-inL-ec5c1x_m4SLXX0Io,"[1,1,1]",eBoy,999999999,0
20,Street Crossing,https://www.arweave.net/3CpsDouvUzrY7_iXQx0KJnux6ywBZmA2b4BTO5ddu8A?ext=png,https://www.arweave.net/SWh2tOE1_JxBDFmq0b9WD_4XM76QJoLvuu4uxigHOGo,"[1,1,1]",eBoy,999999999,0
21,Street Corner Top,https://www.arweave.net/wC3O7ttvlE__6kNK43ySPKl4u7LElA4ZsN8nMG-8CfY?ext=png,https://www.arweave.net/Emg9E6kiIIkGtmKKrSg9kMW8zy-JUiuOSnQRYUirk0U,"[1,1,1]",eBoy,999999999,0
22,Street Corner Right,https://www.arweave.net/yxBJA6mhuxegNbtv7zbAJaFKKT3gOByBfnddMU3qrzo?ext=png,https://www.arweave.net/15UKnjrG_PIl7ttld7J-rsg4cJ2DzVCailcryYRgXbQ,"[1,1,1]",eBoy,999999999,0
23,Street Corner Left,https://www.arweave.net/l9-QoYNLvNCvvFRzGJeeXB3lLtLHaR_-99Kp7_a89YQ?ext=png,https://www.arweave.net/mOuRYAGYpNsdZvnsiwFrilosTaoH-GHUZkb-5jtzdew,"[1,1,1]",eBoy,999999999,0
24,Street Corner Bottom,https://www.arweave.net/-Zjk3XXpNGBPeFSplUhU7aU2p3ingiUa7YMk9_zLjZY?ext=png,https://www.arweave.net/GCI5Jm2d2WboTtCWOLYukF8aJittOB0Q1l3rWJdfUb0,"[1,1,1]",eBoy,999999999,0
25,Street Crossing X,https://www.arweave.net/zNNvASY7XLbSoAmjQT0l6JpcLm0K-FIZATNidVUhPSg?ext=png,https://www.arweave.net/ObnvYDF7_v2OIRshnUwdqoIBsODqEKUBUDDVuJ1wxs8,"[1,1,1]",eBoy,999999999,0
26,Street Crossing Y,https://www.arweave.net/i-woRZPKwpBe6W_xB3d2RIqE-Ce2Y_Z3arR-m5Er8oM?ext=png,https://www.arweave.net/6BopybXdwOrejVMhUpeaNbiMy9LYy0ZAjH_GXDwKGQU,"[1,1,1]",eBoy,999999999,0
27,Street Phi Logo X,https://www.arweave.net/dxZDR4tvXajW1g5_ukrL5dVHhR021xzNPSb-yh_m9V0?ext=png,https://www.arweave.net/IptJdUzxQmwJJV21wmZlsUZOrgBXcYoWQsWV8fZGRbY,"[1,1,1]",eBoy,999999999,0
28,Street Phi Logo Y,https://www.arweave.net/Nn07I8v5JG6uO9k8YqpGuqZU6yUJUP8e3zl4bBACrnc?ext=png,https://www.arweave.net/TGAmVoMSrpdlONMeumtBEpRkJ_v99nDGyFV-M4hRfbU,"[1,1,1]",eBoy,999999999,0
29,Street Blank,https://www.arweave.net/dCS8jwHdgI61P1rQzNw9f7wSx3Gwcz9wUUKT6jjbGgU?ext=png,https://www.arweave.net/vJwh9rH0oIk8780KRwbqaACOlRl4jvJ9qubyjoLnyy8,"[1,1,1]",eBoy,999999999,0
